{
  "generated_at_utc": "2026-04-20T08:28:49.471395+00:00",
  "n_blocks": 200,
  "mean_risk_score": 0.011714140748474757,
  "std_risk_score": 0.017718715816585233,
  "total_eal_usd": 434595219.4389616,
  "mean_eal_usd": 2172976.097194808,
  "total_exposure_building_value_usd": 29925274598.83721
}